{
  "Total" : {
    "transaction" : "Total",
    "sampleCount" : 3600,
    "errorCount" : 0,
    "errorPct" : 0.0,
    "meanResTime" : 495.57249999999976,
    "medianResTime" : 247.0,
    "minResTime" : 233.0,
    "maxResTime" : 2501.0,
    "pct1ResTime" : 982.0,
    "pct2ResTime" : 996.0,
    "pct3ResTime" : 1172.9799999999996,
    "throughput" : 11.826854845068201,
    "receivedKBytesPerSec" : 9.995777699890272,
    "sentKBytesPerSec" : 3.644858670111238
  },
  "Create Booking" : {
    "transaction" : "Create Booking",
    "sampleCount" : 1200,
    "errorCount" : 0,
    "errorPct" : 0.0,
    "meanResTime" : 247.97499999999997,
    "medianResTime" : 242.0,
    "minResTime" : 233.0,
    "maxResTime" : 891.0,
    "pct1ResTime" : 251.0,
    "pct2ResTime" : 254.95000000000005,
    "pct3ResTime" : 414.99,
    "throughput" : 4.000800160032006,
    "receivedKBytesPerSec" : 3.610100275263386,
    "sentKBytesPerSec" : 1.6362940556861372
  },
  "Login" : {
    "transaction" : "Login",
    "sampleCount" : 1200,
    "errorCount" : 0,
    "errorPct" : 0.0,
    "meanResTime" : 991.9941666666659,
    "medianResTime" : 969.0,
    "minResTime" : 938.0,
    "maxResTime" : 2501.0,
    "pct1ResTime" : 1001.0,
    "pct2ResTime" : 1020.95,
    "pct3ResTime" : 1958.530000000004,
    "throughput" : 3.9902106831240687,
    "receivedKBytesPerSec" : 3.0287933187247287,
    "sentKBytesPerSec" : 1.1573169657107896
  },
  "Search Booking" : {
    "transaction" : "Search Booking",
    "sampleCount" : 1200,
    "errorCount" : 0,
    "errorPct" : 0.0,
    "meanResTime" : 246.7483333333334,
    "medianResTime" : 243.0,
    "minResTime" : 233.0,
    "maxResTime" : 879.0,
    "pct1ResTime" : 252.0,
    "pct2ResTime" : 255.0,
    "pct3ResTime" : 360.99,
    "throughput" : 4.014801233882246,
    "receivedKBytesPerSec" : 3.509451851032473,
    "sentKBytesPerSec" : 0.9054343889472521
  }
}