{
  "Total" : {
    "transaction" : "Total",
    "sampleCount" : 600,
    "errorCount" : 0,
    "errorPct" : 0.0,
    "meanResTime" : 531.74,
    "medianResTime" : 270.0,
    "minResTime" : 236.0,
    "maxResTime" : 3066.0,
    "pct1ResTime" : 1078.9,
    "pct2ResTime" : 1098.9499999999998,
    "pct3ResTime" : 1395.2100000000007,
    "throughput" : 0.4990729719545943,
    "receivedKBytesPerSec" : 0.4219059256285616,
    "sentKBytesPerSec" : 0.15377523489701211
  },
  "Create Booking" : {
    "transaction" : "Create Booking",
    "sampleCount" : 200,
    "errorCount" : 0,
    "errorPct" : 0.0,
    "meanResTime" : 259.07,
    "medianResTime" : 254.5,
    "minResTime" : 236.0,
    "maxResTime" : 437.0,
    "pct1ResTime" : 273.0,
    "pct2ResTime" : 275.0,
    "pct3ResTime" : 295.97,
    "throughput" : 0.16725176910558773,
    "receivedKBytesPerSec" : 0.15091368857469717,
    "sentKBytesPerSec" : 0.06840254359626427
  },
  "Login" : {
    "transaction" : "Login",
    "sampleCount" : 200,
    "errorCount" : 0,
    "errorPct" : 0.0,
    "meanResTime" : 1074.68,
    "medianResTime" : 1050.0,
    "minResTime" : 941.0,
    "maxResTime" : 3066.0,
    "pct1ResTime" : 1172.8,
    "pct2ResTime" : 1292.6999999999998,
    "pct3ResTime" : 2588.7400000000066,
    "throughput" : 0.16714861183077875,
    "receivedKBytesPerSec" : 0.12691868324502315,
    "sentKBytesPerSec" : 0.04847962667357548
  },
  "Search Booking" : {
    "transaction" : "Search Booking",
    "sampleCount" : 200,
    "errorCount" : 0,
    "errorPct" : 0.0,
    "meanResTime" : 261.46999999999997,
    "medianResTime" : 255.0,
    "minResTime" : 236.0,
    "maxResTime" : 778.0,
    "pct1ResTime" : 274.0,
    "pct2ResTime" : 276.0,
    "pct3ResTime" : 317.7500000000002,
    "throughput" : 0.16686927377657707,
    "receivedKBytesPerSec" : 0.14592832062554287,
    "sentKBytesPerSec" : 0.03760343678741606
  }
}