{
  "Total" : {
    "transaction" : "Total",
    "sampleCount" : 150,
    "errorCount" : 0,
    "errorPct" : 0.0,
    "meanResTime" : 539.8800000000001,
    "medianResTime" : 255.5,
    "minResTime" : 237.0,
    "maxResTime" : 3262.0,
    "pct1ResTime" : 1053.0,
    "pct2ResTime" : 1136.3999999999999,
    "pct3ResTime" : 2507.2000000000135,
    "throughput" : 0.49042045380239324,
    "receivedKBytesPerSec" : 0.41451384007388997,
    "sentKBytesPerSec" : 0.15115230926731182
  },
  "Create Booking" : {
    "transaction" : "Create Booking",
    "sampleCount" : 50,
    "errorCount" : 0,
    "errorPct" : 0.0,
    "meanResTime" : 312.24000000000007,
    "medianResTime" : 249.0,
    "minResTime" : 239.0,
    "maxResTime" : 3262.0,
    "pct1ResTime" : 268.9,
    "pct2ResTime" : 273.45,
    "pct3ResTime" : 3262.0,
    "throughput" : 0.16609088493223492,
    "receivedKBytesPerSec" : 0.149848364212397,
    "sentKBytesPerSec" : 0.067938308654996
  },
  "Login" : {
    "transaction" : "Login",
    "sampleCount" : 50,
    "errorCount" : 0,
    "errorPct" : 0.0,
    "meanResTime" : 1054.3600000000004,
    "medianResTime" : 992.5,
    "minResTime" : 944.0,
    "maxResTime" : 1782.0,
    "pct1ResTime" : 1170.8999999999999,
    "pct2ResTime" : 1590.9999999999993,
    "pct3ResTime" : 1782.0,
    "throughput" : 0.16709610365305502,
    "receivedKBytesPerSec" : 0.12691471247773445,
    "sentKBytesPerSec" : 0.048464397250934904
  },
  "Search Booking" : {
    "transaction" : "Search Booking",
    "sampleCount" : 50,
    "errorCount" : 0,
    "errorPct" : 0.0,
    "meanResTime" : 253.04000000000002,
    "medianResTime" : 250.5,
    "minResTime" : 237.0,
    "maxResTime" : 279.0,
    "pct1ResTime" : 271.9,
    "pct2ResTime" : 273.9,
    "pct3ResTime" : 279.0,
    "throughput" : 0.16574072846364976,
    "receivedKBytesPerSec" : 0.14484509560753922,
    "sentKBytesPerSec" : 0.03738230336519975
  }
}