{
  "Total" : {
    "transaction" : "Total",
    "sampleCount" : 300,
    "errorCount" : 0,
    "errorPct" : 0.0,
    "meanResTime" : 538.5366666666662,
    "medianResTime" : 270.5,
    "minResTime" : 240.0,
    "maxResTime" : 3979.0,
    "pct1ResTime" : 1081.9,
    "pct2ResTime" : 1103.6999999999998,
    "pct3ResTime" : 1508.4100000000014,
    "throughput" : 0.5054053097881845,
    "receivedKBytesPerSec" : 0.42727971751633725,
    "sentKBytesPerSec" : 0.15572965627806054
  },
  "Create Booking" : {
    "transaction" : "Create Booking",
    "sampleCount" : 100,
    "errorCount" : 0,
    "errorPct" : 0.0,
    "meanResTime" : 258.60999999999996,
    "medianResTime" : 252.0,
    "minResTime" : 240.0,
    "maxResTime" : 303.0,
    "pct1ResTime" : 275.0,
    "pct2ResTime" : 277.0,
    "pct3ResTime" : 302.7999999999999,
    "throughput" : 0.1698110003566031,
    "receivedKBytesPerSec" : 0.15333568503880182,
    "sentKBytesPerSec" : 0.0694500458489701
  },
  "Login" : {
    "transaction" : "Login",
    "sampleCount" : 100,
    "errorCount" : 0,
    "errorPct" : 0.0,
    "meanResTime" : 1097.7899999999997,
    "medianResTime" : 1012.0,
    "minResTime" : 956.0,
    "maxResTime" : 3979.0,
    "pct1ResTime" : 1217.3000000000006,
    "pct2ResTime" : 1333.2499999999998,
    "pct3ResTime" : 3964.5299999999925,
    "throughput" : 0.1690840043150238,
    "receivedKBytesPerSec" : 0.1283981657767212,
    "sentKBytesPerSec" : 0.04904096609527545
  },
  "Search Booking" : {
    "transaction" : "Search Booking",
    "sampleCount" : 100,
    "errorCount" : 0,
    "errorPct" : 0.0,
    "meanResTime" : 259.21,
    "medianResTime" : 253.0,
    "minResTime" : 241.0,
    "maxResTime" : 310.0,
    "pct1ResTime" : 275.0,
    "pct2ResTime" : 283.69999999999993,
    "pct3ResTime" : 309.8599999999999,
    "throughput" : 0.16969717539051563,
    "receivedKBytesPerSec" : 0.1482994221811178,
    "sentKBytesPerSec" : 0.03824318082506767
  }
}